X,Y
16.616766,39.3374
16.716867,39.3374
16.816968,39.5783
16.917069,39.8192
17.01717,40.0205
17.117271,40.2647
17.217372,40.6673
17.317473,40.829
17.417574,40.9907
17.517675,41.1524
17.617776,41.489
17.717877,41.6639
17.817978,41.8388
17.918079,42.0137
18.01818,42.3734
18.118281,42.5582
18.218382,42.743
18.318483,42.9278
18.418584,43.2974
18.518685,43.4822
18.618786,43.667
18.718887,43.8518
18.818988,44.1818
18.919089,44.3171
19.01919,44.4557
19.119291,44.5943
19.219392,44.8319
19.319493,44.9474
19.419594,45.0794
19.519695,45.2279
19.619796,45.4061
19.719897,45.4853
19.819998,45.548
19.920099,45.5975
20.0202,45.8021
20.120301,45.977
20.220402,46.1486
20.320503,46.3235
20.420604,46.6634
20.520705,46.8284
20.620806,46.9934
20.720907,47.1584
20.821008,47.4719
20.921109,47.594
21.02121,47.7425
21.121311,47.8943
21.221412,48.1649
21.321513,48.2969
21.421614,48.4454
21.521715,48.6104
21.621816,48.8051
21.721917,48.8942
21.822018,48.98
21.922119,49.0658
22.02222,49.1483
22.122321,49.1945
22.222422,49.2308
22.322523,49.2572
22.422624,49.3958
22.522725,49.5212
22.622826,49.6466
22.722927,49.772
22.823028,50.0195
22.923129,50.135
23.02323,50.2835
23.123331,50.4452
23.223432,50.6102
23.323533,50.6597
23.423634,50.6894
23.523735,50.6993
23.623836,50.6861
23.723937,50.6663
23.824038,50.6498
23.924139,50.63
24.02424,50.6201
24.124341,50.6036
24.224442,50.5805
24.324543,50.5475
24.424644,50.5145
24.524745,50.4848
24.624846,50.4716
24.724947,50.4848
24.825048,50.5178
24.925149,50.5607
25.02525,50.6003
25.125351,50.63
25.225452,50.6465
25.325553,50.663
25.425654,50.6828
25.525755,50.6993
25.625856,50.7125
25.725957,50.7257
25.826058,50.7224
25.926159,50.6993
26.02626,50.6696
26.126361,50.6432
26.226462,50.6201
26.326563,50.6102
26.426664,50.6201
26.526765,50.6432
26.626866,50.6762
26.726967,50.7158
26.827068,50.7653
26.927169,50.7752
27.02727,50.8247
27.127371,50.8643
27.227472,50.894
27.327573,50.9006
27.427674,50.8907
27.527775,50.861
27.627876,50.8247
27.727977,50.7917
27.828078,50.7653
27.928179,50.7554
28.02828,50.7554
28.128381,50.7554
28.228482,50.7554
28.328583,50.7455
28.428684,50.7356
28.528785,50.7224
28.628886,50.7092
28.728987,50.7026
28.829088,50.6993
28.929189,50.7224
29.02929,50.7323
29.129391,50.7422
29.229492,50.762
29.329593,50.7884
29.429694,50.8181
29.529795,50.8544
29.629896,50.894
29.729997,50.927
29.830098,50.9534
29.930199,50.9699
30.0303,50.9765
30.130401,50.9501
30.230502,50.9171
30.330603,50.8775
30.430704,50.8313
30.530805,50.7884
30.630906,50.7686
30.731007,50.7554
30.831108,50.7488
30.931209,50.8115
31.03131,50.8313
31.131411,50.861
31.231512,50.8907
31.331613,50.9204
31.431714,50.9402
31.531815,50.9468
31.631916,50.9468
31.732017,50.9468
31.832118,50.9501
31.932219,50.96
32.03232,50.9732
32.132421,50.9864
32.232522,50.993
32.332623,50.9864
32.432724,50.9732
32.532825,50.9501
32.632926,50.927
32.733027,50.9039
32.833128,50.8874
32.933229,50.8775
33.03333,50.8808
33.133431,50.894
33.233532,50.9171
33.333633,50.9402
33.433734,50.9666
33.533835,50.9765
33.633936,50.9765
33.734037,50.9666
33.834138,50.9501
33.934239,50.927
34.03434,50.8973
34.134441,50.8709
34.234542,50.8445
34.334643,50.828
34.434744,50.8214
34.534845,50.828
34.634946,50.8511
34.735047,50.8841
34.835148,50.9237
34.935249,50.9765
35.03535,51.0062
35.135451,51.026
35.235552,51.1052
35.335653,51.1745
35.435754,51.2471
35.535855,51.3098
35.635956,51.3692
35.736057,51.3395
35.836158,51.29
35.936259,51.2207
36.03636,51.1448
36.136461,51.0722
36.236562,51.0227
36.336663,50.9897
36.436764,50.9765
36.536865,50.9897
36.636966,51.0161
36.737067,51.0557
36.837168,51.1052
36.937269,51.1382
37.03737,51.1778
37.137471,51.2042
37.237572,51.3032
37.337673,51.3956
37.437774,51.4847
37.537875,51.5738
37.637976,51.6629
37.738077,51.5771
37.838178,51.4913
37.938279,51.4088
38.03838,51.3197
38.138481,51.2273
38.238582,51.2108
38.338683,51.1943
38.438784,51.1745
38.538885,51.158
38.638986,51.1646
38.739087,51.1877
38.839188,51.224
38.939289,51.2735
39.03939,51.3197
39.139491,51.356
39.239592,51.3824
39.339693,51.3956
39.439794,51.4121
39.539895,51.422
39.639996,51.4319
39.740097,51.4319
39.840198,51.4187
39.940299,51.3989
40.0404,51.3692
40.140501,51.3428
40.240602,51.3164
40.340703,51.3032
40.440804,51.2966
40.540905,51.2933
40.641006,51.2867
40.741107,51.2801
40.841208,51.2702
40.941309,51.2471
41.04141,51.2504
41.141511,51.2702
41.241612,51.2999
41.341713,51.3329
41.441814,51.3692
41.541915,51.3989
41.642016,51.4913
41.742117,51.5705
41.842218,51.6497
41.942319,51.7223
42.04242,51.7916
42.142521,51.7751
42.242622,51.7454
42.342723,51.6992
42.442824,51.6365
42.542925,51.5672
42.643026,51.5045
42.743127,51.455
42.843228,51.4187
42.943329,51.3692
43.04343,51.3692
43.143531,51.3923
43.243632,51.4352
43.343733,51.488
43.443834,51.5408
43.543935,51.5837
43.644036,51.6101
43.744137,51.6167
43.844238,51.6101
43.944339,51.6002
44.04444,51.587
44.144541,51.5705
44.244642,51.5639
44.344743,51.5573
44.444844,51.554
44.544945,51.5507
44.645046,51.5507
44.745147,51.554
44.845248,51.5606
44.945349,51.5474
45.04545,51.5738
45.145551,51.6101
45.245652,51.653
45.345753,51.6992
45.445854,51.7355
45.545955,51.7619
45.646056,51.7817
45.746157,51.7883
45.846258,51.7949
45.946359,51.7949
46.04646,51.7949
46.146561,51.785
46.246662,51.7751
46.346763,51.7553
46.446864,51.7322
46.546965,51.7124
46.647066,51.6926
46.747167,51.6827
46.847268,51.6761
46.947369,51.6596
47.04747,51.6464
47.147571,51.6266
47.247672,51.6035
47.347773,51.5837
47.447874,51.5672
47.547975,51.5639
47.648076,51.5672
47.748177,51.5771
47.848278,51.5903
47.948379,51.6068
48.04848,51.6233
48.148581,51.6464
48.248682,51.6827
48.348783,51.7256
48.448884,51.7685
48.548985,51.8081
48.649086,51.8345
48.749187,51.8411
48.849288,51.8312
48.949389,51.7652
49.04949,51.7289
49.149591,51.6893
49.249692,51.6563
49.349793,51.6332
49.449894,51.6266
49.549995,51.6365
49.650096,51.6629
49.750197,51.6926
49.850298,51.7256
49.950399,51.7487
50.0505,51.7652
50.150601,51.7685
50.250702,51.7619
50.350803,51.7454
50.450904,51.719
50.551005,51.686
50.651106,51.6431
50.751207,51.6035
50.851308,51.5672
50.951409,51.4979
51.05151,51.4913
51.151611,51.5045
51.251712,51.5474
51.351813,51.6035
51.451914,51.6629
51.552015,51.7256
51.652116,51.7817
51.752217,51.8114
51.852318,51.8345
51.952419,51.8444
52.05252,51.8477
52.152621,51.8378
52.252722,51.8213
52.352823,51.8015
52.452924,51.7784
52.553025,51.7553
52.653126,51.7388
52.753227,51.7223
52.853328,51.7124
52.953429,51.686
53.05353,51.686
53.153631,51.6893
53.253732,51.6959
53.353833,51.7091
53.453934,51.7322
53.554035,51.7586
53.654136,51.7817
53.754237,51.8015
53.854338,51.8147
53.954439,51.8147
54.05454,51.8081
54.154641,51.7982
54.254742,51.7916
54.354843,51.7883
54.454944,51.7883
54.555045,51.7982
54.655146,51.8114
54.755247,51.8312
54.855348,51.8477
54.955449,51.8543
55.05555,51.8642
55.155651,51.8675
55.255752,51.8576
55.355853,51.8477
55.455954,51.8312
55.556055,51.8114
55.656156,51.7949
55.756257,51.7784
55.856358,51.7652
55.956459,51.7586
56.05656,51.7553
56.156661,51.7553
56.256762,51.7586
56.356863,51.7652
56.456964,51.7718
56.557065,51.7817
56.657166,51.7949
56.757267,51.8081
56.857368,51.818
56.957469,51.8279
57.05757,51.8279
57.157671,51.8213
57.257772,51.8081
57.357873,51.7916
57.457974,51.7718
57.558075,51.7586
57.658176,51.7454
57.758277,51.7454
57.858378,51.7619
57.958479,51.7949
58.05858,51.8378
58.158681,51.8774
58.258782,51.9104
58.358883,51.9269
58.458984,51.9269
58.559085,51.9104
58.659186,51.8873
58.759287,51.8543
58.859388,51.8246
58.959489,51.7949
59.05959,51.7751
59.159691,51.7652
59.259792,51.7619
59.359893,51.7652
59.459994,51.7718
59.560095,51.7784
59.660196,51.7883
59.760297,51.7949
59.860398,51.8081
59.960499,51.8213
60.0606,51.8345
60.160701,51.8444
60.260802,51.8543
60.360903,51.8543
60.461004,51.8477
60.561105,51.8378
60.661206,51.8213
60.761307,51.8015
60.861408,51.7817
60.961509,51.7553
61.06161,51.7421
61.161711,51.7388
61.261812,51.7454
61.361913,51.7652
61.462014,51.7949
61.562115,51.8378
61.662216,51.8873
61.762317,51.9401
61.862418,51.9797
61.962519,52.0094
62.06262,52.0259
62.162721,52.0292
62.262822,52.0193
62.362923,51.9962
62.463024,51.9665
62.563125,51.9401
62.663226,51.9137
62.763327,51.8972
62.863428,51.8873
62.963529,51.8939
63.06363,51.9005
63.163731,51.9104
63.263832,51.9236
63.363933,51.9368
63.464034,51.9467
63.564135,51.9533
63.664236,51.9566
63.764337,51.9566
63.864438,51.9533
63.964539,51.9434
64.06464,51.9302
64.164741,51.917
64.264842,51.9104
64.364943,51.9038
64.465044,51.9038
64.565145,51.9071
64.665246,51.9071
64.765347,51.9071
64.865448,51.9005
64.965549,51.8972
65.06565,51.8906
65.165751,51.8807
65.265852,51.8675
65.365953,51.851
65.466054,51.8411
65.566155,51.8345
65.666256,51.8312
65.766357,51.8279
65.866458,51.8279
65.966559,51.8246
66.06666,51.8246
66.166761,51.8312
66.266862,51.851
66.366963,51.8774
66.467064,51.9137
66.567165,51.9533
66.667266,51.9863
66.767367,52.0094
66.867468,52.0292
66.967569,52.0226
67.06767,52.0028
67.167771,51.9731
67.267872,51.9335
67.367973,51.8939
67.468074,51.8576
67.568175,51.8378
67.668276,51.8312
67.768377,51.8378
67.868478,51.8576
67.968579,51.8906
68.06868,51.9302
68.168781,51.9665
68.268882,51.9995
68.368983,52.016
68.469084,52.0259
68.569185,52.0226
68.669286,52.016
68.769387,52.0061
68.869488,51.9962
68.969589,51.9764
69.06969,51.9533
69.169791,51.9269
69.269892,51.8939
69.369993,51.8576
69.470094,51.8279
69.570195,51.8015
69.670296,51.7817
69.770397,51.7685
69.870498,51.7718
69.970599,51.785
70.0707,51.8081
70.170801,51.8411
70.270902,51.8873
70.371003,51.9335
70.471104,51.9764
70.571205,52.0094
70.671306,52.0259
70.771407,52.0292
70.871508,52.0094
70.971609,51.9929
71.07171,51.9764
71.171811,51.9599
71.271912,51.9533
71.372013,51.9467
71.472114,51.9434
71.572215,51.9335
71.672316,51.9302
71.772417,51.9236
71.872518,51.9236
71.972619,51.9302
72.07272,51.9434
72.172821,51.9533
72.272922,51.9698
72.373023,51.9797
72.473124,51.9896
72.573225,51.9929
72.673326,51.9962
72.773427,51.9929
72.873528,51.9863
72.973629,51.983
73.07373,51.9797
73.173831,51.9797
73.273932,51.9797
73.374033,51.983
73.474134,51.9863
73.574235,51.9929
73.674336,51.9995
73.774437,52.0028
73.874538,52.0028
73.974639,51.9995
74.07474,51.9896
74.174841,51.9731
74.274942,51.9566
74.375043,51.9401
74.475144,51.9269
74.575245,51.917
74.675346,51.9137
74.775447,51.917
74.875548,51.9071
74.975649,51.9236
75.07575,51.95
75.175851,51.983
75.275952,52.016
75.376053,52.0457
75.476154,52.0622
75.576255,52.0622
75.676356,52.049
75.776457,52.0292
75.876558,52.0061
75.976659,51.9797
76.07676,51.9632
76.176861,51.9533
76.276962,51.95
76.377063,51.9566
76.477164,51.9698
76.577265,51.9896
76.677366,52.0094
76.777467,52.0292
76.877568,52.049
76.977669,52.0622
77.07777,52.0754
77.177871,52.0853
77.277972,52.0919
77.378073,52.0919
77.478174,52.0787
77.578275,52.0556
77.678376,52.0193
77.778477,51.9863
77.878578,51.9566
77.978679,51.9368
78.07878,51.9269
78.178881,51.9269
78.278982,51.9269
78.379083,51.9269
78.479184,51.9269
78.579285,51.9335
78.679386,51.9401
78.779487,51.9533
78.879588,51.9665
78.979689,51.9797
79.07979,51.9929
79.179891,51.9995
79.279992,52.0028
79.380093,51.9995
79.480194,51.9929
79.580295,51.983
79.680396,51.9698
79.780497,51.9566
79.880598,51.9467
79.980699,51.9434
80.0808,51.9467
80.180901,51.9533
80.281002,51.9698
80.381103,51.9896
80.481204,52.0061
80.581305,52.0226
80.681406,52.0325
80.781507,52.0325
80.881608,52.0094
80.981709,51.9929
81.08181,51.9665
81.181911,51.9401
81.282012,51.9203
81.382113,51.9038
81.482214,51.8972
81.582315,51.9005
81.682416,51.917
81.782517,51.9335
81.882618,51.9566
81.982719,51.9731
82.08282,51.9929
82.182921,52.0094
82.283022,52.0259
82.383123,52.0457
82.483224,52.0655
82.583325,52.082
82.683426,52.0952
82.783527,52.1051
82.883628,52.0952
82.983729,52.0886
83.08383,52.0688
83.183931,52.0391
83.284032,52.0028
83.384133,51.9665
83.484234,51.9434
83.584335,51.9302
83.684436,51.9302
83.784537,51.9335
83.884638,51.9335
83.984739,51.9302
84.08484,51.9236
84.184941,51.9137
84.285042,51.9104
84.385143,51.9137
84.485244,51.9236
84.585345,51.9401
84.685446,51.9632
84.785547,51.9863
84.885648,52.0127
84.985749,52.0358
85.08585,52.0589
85.185951,52.0787
85.286052,52.1018
85.386153,52.115
85.486254,52.1282
85.586355,52.1381
85.686456,52.1414
85.786557,52.1348
85.886658,52.1216
85.986759,52.0985
86.08686,52.0721
86.186961,52.049
86.287062,52.0325
86.387163,52.0325
86.487264,52.0457
86.587365,52.0622
86.687466,52.0853
86.787567,52.1117
86.887668,52.1117
86.987769,52.1381
87.08787,52.1612
87.187971,52.1843
87.288072,52.2008
87.388173,52.2074
87.488274,52.2041
87.588375,52.1909
87.688476,52.1711
87.788577,52.1513
87.888678,52.1315
87.988779,52.115
88.08888,52.1084
88.188981,52.1084
88.289082,52.1084
88.389183,52.1117
88.489284,52.1183
88.589385,52.1315
88.689486,52.148
88.789587,52.1645
88.889688,52.1711
88.989789,52.1777
89.08989,52.1711
89.189991,52.1513
89.290092,52.1216
89.390193,52.0853
89.490294,52.0424
89.590395,51.9995
89.690496,51.9698
89.790597,51.9467
89.890698,51.9368
89.990799,51.9434
90.0909,51.9665
90.191001,51.9995
90.291102,52.0391
90.391203,52.0787
90.491304,52.1612
90.591405,52.2338
90.691506,52.3031
90.791607,52.3592
90.891708,52.3955
90.991809,52.3889
91.09191,52.3658
91.192011,52.3262
91.292112,52.2734
91.392213,52.2173
91.492314,52.1645
91.592415,52.1216
91.692516,52.0886
91.792617,52.0721
91.892718,52.0589
91.992819,52.0523
92.09292,52.0523
92.193021,52.0523
92.293122,52.0523
92.393223,52.0556
92.493324,52.0589
92.593425,52.0688
92.693526,52.0919
92.793627,52.1249
92.893728,52.1513
92.993829,52.1876
93.09393,52.2206
93.194031,52.2503
93.294132,52.2668
93.394233,52.2734
93.494334,52.2734
93.594435,52.2668
93.694536,52.2536
93.794637,52.2338
93.894738,52.2107
93.994839,52.1843
94.09494,52.1612
94.195041,52.1348
94.295142,52.115
94.395243,52.0985
94.495344,52.0886
94.595445,52.0853
94.695546,52.1018
94.795647,52.1315
94.895748,52.1645
94.995849,52.2173
95.09595,52.2701
95.196051,52.3163
95.296152,52.3526
95.396253,52.3724
95.496354,52.3856
95.596455,52.3823
95.696556,52.3724
95.796657,52.346
95.896758,52.3097
95.996859,52.2602
96.09696,52.2107
96.197061,52.1612
96.297162,52.1216
96.397263,52.0985
96.497364,52.0919
96.597465,52.0985
96.697566,52.115
96.797667,52.1414
96.897768,52.1777
96.997869,52.2107
97.09797,52.2371
97.198071,52.2536
97.298172,52.2635
97.398273,52.2668
97.498374,52.2668
97.598475,52.2668
97.698576,52.2701
97.798677,52.2668
97.898778,52.2602
97.998879,52.2503
98.09898,52.2404
98.199081,52.2272
98.299182,52.214
98.399283,52.2074
98.499384,52.2041
98.599485,52.2107
98.699586,52.2305
98.799687,52.2668
98.899788,52.3064
98.999889,52.3559
99.09999,52.3922
99.200091,52.4153
99.300192,52.4219
99.400293,52.4054
99.500394,52.3856
99.600495,52.3526
99.700596,52.3163
99.800697,52.2833
99.900798,52.2602
100.000899,52.2437
100.101,52.2371
100.201101,52.2437
100.301202,52.2569
100.401303,52.2767
100.501404,52.2998
100.601505,52.3295
100.701606,52.3526
100.801707,52.3757
100.901808,52.3988
101.001909,52.4153
101.10201,52.4219
101.202111,52.4252
101.302212,52.4219
101.402313,52.412
101.502414,52.3988
101.602515,52.3856
101.702616,52.3691
101.802717,52.3559
101.902818,52.346
102.002919,52.3427
102.10302,52.3394
102.203121,52.3427
102.303222,52.346
102.403323,52.3526
102.503424,52.3625
102.603525,52.3724
102.703626,52.3823
102.803727,52.3889
102.903828,52.3724
103.003929,52.3823
103.10403,52.3889
103.204131,52.3955
103.304232,52.3988
103.404333,52.3988
103.504434,52.4021
103.604535,52.4087
103.704636,52.4153
103.804737,52.4219
103.904838,52.4252
104.004939,52.4285
104.10504,52.4318
104.205141,52.4285
104.305242,52.4285
104.405343,52.4285
104.505444,52.4252
104.605545,52.4252
104.705646,52.4219
104.805747,52.3889
104.905848,52.3856
105.005949,52.3889
105.10605,52.4021
105.206151,52.4252
105.306252,52.4516
105.406353,52.4813
105.506454,52.5044
105.606555,52.5143
105.706656,52.5209
105.806757,52.5176
105.906858,52.5143
106.006959,52.511
106.10706,52.511
106.207161,52.5044
106.307262,52.4978
106.407363,52.4879
106.507464,52.4747
106.607565,52.4648
106.707666,52.4648
106.807767,52.4516
106.907868,52.4681
107.007969,52.4912
107.10807,52.5209
107.208171,52.5506
107.308272,52.5803
107.408373,52.6034
107.508474,52.6199
107.608575,52.6331
107.708676,52.6397
107.808777,52.6364
107.908878,52.6199
108.008979,52.5968
108.10908,52.5704
108.209181,52.5407
108.309282,52.5176
108.409383,52.5077
108.509484,52.5044
108.609585,52.511
108.709686,52.5275
108.809787,52.5308
108.909888,52.5605
109.009989,52.5935
109.11009,52.6232
109.210191,52.6496
109.310292,52.6727
109.410393,52.6892
109.510494,52.7024
109.610595,52.7123
109.710696,52.7156
109.810797,52.7123
109.910898,52.709
110.010999,52.6991
110.1111,52.6859
110.211201,52.6727
110.311302,52.6595
110.411403,52.6529
110.511504,52.6463
110.611605,52.6496
110.711706,52.6628
110.811807,52.6661
110.911908,52.6925
111.012009,52.7222
111.11211,52.7552
111.212211,52.7948
111.312312,52.8344
111.412413,52.8674
111.512514,52.8971
111.612615,52.9202
111.712716,52.9334
111.812817,52.9334
111.912918,52.9301
112.013019,52.9169
112.11312,52.907
112.213221,52.8938
112.313322,52.8839
112.413423,52.8839
112.513524,52.8905
112.613625,52.8938
112.713726,52.8971
112.813827,52.8641
112.913928,52.8509
113.014029,52.8344
113.11413,52.8179
113.214231,52.8047
113.314332,52.7948
113.414433,52.7948
113.514534,52.808
113.614635,52.8344
113.714736,52.8707
113.814837,52.9037
113.914938,52.9334
114.015039,52.9532
114.11514,52.9631
114.215241,52.9598
114.315342,52.9532
114.415443,52.94
114.515544,52.9268
114.615645,52.9136
114.715746,52.9004
114.815847,52.8773
114.915948,52.8773
115.016049,52.8872
115.11615,52.9004
115.216251,52.9235
115.316352,52.9532
115.416453,52.9895
115.516554,53.0225
115.616655,53.0555
115.716756,53.0885
115.816857,53.1182
115.916958,53.1413
116.017059,53.1578
116.11716,53.171
116.217261,53.171
116.317362,53.1611
116.417463,53.1446
116.517564,53.1182
116.617665,53.0951
116.717766,53.072
116.817867,53.0324
116.917968,53.0324
117.018069,53.0357
117.11817,53.0423
117.218271,53.0522
117.318372,53.0654
117.418473,53.0885
117.518574,53.1215
117.618675,53.1677
117.718776,53.2205
117.818877,53.27
117.918978,53.3063
118.019079,53.3261
118.11918,53.336
118.219281,53.3327
118.319382,53.3294
118.419483,53.3261
118.519584,53.3228
118.619685,53.3162
118.719786,53.3063
118.819887,53.2865
118.919988,53.2766
119.020089,53.2634
119.12019,53.2568
119.220291,53.2601
119.320392,53.2733
119.420493,53.2898
119.520594,53.3096
119.620695,53.3294
119.720796,53.3426
119.820897,53.3525
119.920998,53.3558
120.021099,53.3525
120.1212,53.3459
120.221301,53.336
120.321402,53.3294
120.421503,53.3261
120.521604,53.3327
120.621705,53.3459
120.721806,53.3723
120.821907,53.3888
120.922008,53.4218
121.022109,53.4548
121.12221,53.4845
121.222311,53.5076
121.322412,53.5274
121.422513,53.5472
121.522614,53.567
121.622715,53.5934
121.722816,53.6198
121.822917,53.6429
121.923018,53.6594
122.023119,53.6693
122.12322,53.6693
122.223321,53.6627
122.323422,53.6561
122.423523,53.6495
122.523624,53.6429
122.623725,53.6363
122.723826,53.633
122.823927,53.6297
122.924028,53.6297
123.024129,53.6264
123.12423,53.6264
123.224331,53.6231
123.324432,53.6198
123.424533,53.6165
123.524634,53.6165
123.624735,53.6231
123.724836,53.633
123.824937,53.6495
123.925038,53.6726
124.025139,53.7023
124.12524,53.732
124.225341,53.7683
124.325442,53.8013
124.425543,53.831
124.525644,53.8541
124.625745,53.8673
124.725846,53.8739
124.825947,53.8475
124.926048,53.8376
125.026149,53.8178
125.12625,53.798
125.226351,53.7782
125.326452,53.7617
125.426553,53.7551
125.526654,53.7584
125.626755,53.7782
125.726856,53.8112
125.826957,53.8475
125.927058,53.8871
126.027159,53.9267
126.12726,53.9531
126.227361,53.9729
126.327462,53.9795
126.427563,53.9762
126.527664,53.9564
126.627765,53.9366
126.727866,53.9102
126.827967,53.8706
126.928068,53.8508
127.028169,53.8343
127.12827,53.8277
127.228371,53.831
127.328472,53.8409
127.428573,53.8574
127.528674,53.8805
127.628775,53.9069
127.728876,53.9333
127.828977,53.9696
127.929078,54.0125
128.029179,54.062
128.12928,54.1148
128.229381,54.161
128.329482,54.194
128.429583,54.2138
128.529684,54.2204
128.629785,54.2039
128.729886,54.1775
128.829987,54.1346
128.930088,54.0983
129.030189,54.0653
129.13029,54.0455
129.230391,54.0389
129.330492,54.0488
129.430593,54.0752
129.530694,54.1181
129.630795,54.1775
129.730896,54.2501
129.830997,54.3161
129.931098,54.3722
130.031199,54.4085
130.1313,54.4283
130.231401,54.425
130.331502,54.4118
130.431603,54.3887
130.531704,54.3557
130.631805,54.3227
130.731906,54.2897
130.832007,54.2435
130.932108,54.2303
131.032209,54.2303
131.13231,54.2435
131.232411,54.2732
131.332512,54.3095
131.432613,54.3524
131.532714,54.3986
131.632815,54.4382
131.732916,54.4712
131.833017,54.4943
131.933118,54.5108
132.033219,54.5174
132.13332,54.5141
132.233421,54.5042
132.333522,54.4877
132.433623,54.4712
132.533724,54.4514
132.633825,54.4382
132.733926,54.4283
132.834027,54.4085
132.934128,54.4085
133.034229,54.4316
133.13433,54.4679
133.234431,54.5207
133.334532,54.5834
133.434633,54.6461
133.534734,54.6989
133.634835,54.7352
133.734936,54.755
133.835037,54.7583
133.935138,54.755
134.035239,54.7385
134.13534,54.722
134.235441,54.7055
134.335542,54.6923
134.435643,54.689
134.535744,54.6989
134.635845,54.7088
134.735946,54.722
134.836047,54.7121
134.936148,54.7187
135.036249,54.7286
135.13635,54.7517
135.236451,54.7814
135.336552,54.821
135.436653,54.8606
135.536754,54.8903
135.636855,54.9134
135.736956,54.9266
135.837057,54.9332
135.937158,54.9464
136.037259,54.9629
136.13736,54.9827
136.237461,55.0025
136.337562,55.0157
136.437663,55.0289
136.537764,55.0388
136.637865,55.0454
136.737966,55.0553
136.838067,55.0388
136.938168,55.0487
137.038269,55.0586
137.13837,55.0619
137.238471,55.0619
137.338572,55.0586
137.438673,55.0586
137.538774,55.0652
137.638875,55.0817
137.738976,55.1048
137.839077,55.1411
137.939178,55.1807
138.039279,55.2236
138.13938,55.2599
138.239481,55.2863
138.339582,55.3028
138.439683,55.3028
138.539784,55.2929
138.639885,55.2863
138.739986,55.2797
138.840087,55.2665
138.940188,55.2731
139.040289,55.2797
139.14039,55.2896
139.240491,55.2995
139.340592,55.3061
139.440693,55.316
139.540794,55.3259
139.640895,55.3391
139.740996,55.3523
139.841097,55.3688
139.941198,55.382
140.041299,55.3952
140.1414,55.4084
140.241501,55.4249
140.341602,55.448
140.441703,55.4744
140.541804,55.5008
140.641905,55.5239
140.742006,55.5305
140.842107,55.5008
140.942208,55.4876
141.042309,55.4744
141.14241,55.4612
141.242511,55.4579
141.342612,55.4612
141.442713,55.481
141.542814,55.514
141.642915,55.5602
141.743016,55.6163
141.843117,55.6724
141.943218,55.7153
142.043319,55.745
142.14342,55.7615
142.243521,55.7648
142.343622,55.7648
142.443723,55.7615
142.543824,55.7582
142.643925,55.7516
142.744026,55.7483
142.844127,55.7318
142.944228,55.7285
143.044329,55.7252
143.14443,55.7285
143.244531,55.7318
143.344632,55.7384
143.444733,55.7483
143.544834,55.7615
143.644935,55.7813
143.745036,55.8044
143.845137,55.8341
143.945238,55.8638
144.045339,55.9001
144.14544,55.9397
144.245541,55.9727
144.345642,55.9991
144.445743,56.0189
144.545844,56.0321
144.645945,56.042
144.746046,56.0519
144.846147,56.075
144.946248,56.0783
145.046349,56.0816
145.14645,56.0816
145.246551,56.0816
145.346652,56.0816
145.446753,56.0717
145.546854,56.0519
145.646955,56.0288
145.747056,56.0057
145.847157,55.9826
145.947258,55.976
146.047359,55.9925
146.14746,56.0255
146.247561,56.0717
146.347662,56.1311
146.447763,56.1938
146.547864,56.2466
146.647965,56.2862
146.748066,56.3093
146.848167,56.3258
146.948268,56.3093
147.048369,56.2862
147.14847,56.2565
147.248571,56.2268
147.348672,56.2037
147.448773,56.1872
147.548874,56.1872
147.648975,56.2037
147.749076,56.2334
147.849177,56.2697
147.949278,56.3159
148.049379,56.3621
148.14948,56.4116
148.249581,56.4545
148.349682,56.4974
148.449783,56.5337
148.549884,56.5634
148.649985,56.5832
148.750086,56.5799
148.850187,56.57
148.950288,56.5436
149.050389,56.5172
149.15049,56.4875
149.250591,56.4677
149.350692,56.4545
149.450793,56.4545
149.550894,56.471
149.650995,56.4974
149.751096,56.5337
149.851197,56.5799
149.951298,56.6261
150.051399,56.6723
150.1515,56.7119
150.251601,56.7482
150.351702,56.7779
150.451803,56.801
150.551904,56.8142
150.652005,56.8241
150.752106,56.8109
150.852207,56.8109
150.952308,56.8076
151.052409,56.8043
151.15251,56.801
151.252611,56.8076
151.352712,56.8175
151.452813,56.834
151.552914,56.8604
151.653015,56.8901
151.753116,56.9231
151.853217,56.9594
151.953318,56.9957
152.053419,57.032
152.15352,57.0683
152.253621,57.1013
152.353722,57.1277
152.453823,57.1442
152.553924,57.1541
152.654025,57.1574
152.754126,57.1343
152.854227,57.1244
152.954328,57.1112
153.054429,57.098
153.15453,57.0914
153.254631,57.0914
153.354732,57.0947
153.454833,57.098
153.554934,57.0947
153.655035,57.0815
153.755136,57.065
153.855237,57.0518
153.955338,57.0452
154.055439,57.0584
154.15554,57.0815
154.255641,57.1211
154.355742,57.1772
154.455843,57.2366
154.555944,57.3026
154.656045,57.3653
154.756146,57.4346
154.856247,57.4841
154.956348,57.5204
155.056449,57.5402
155.15655,57.5468
155.256651,57.5402
155.356752,57.5204
155.456853,57.4907
155.556954,57.4511
155.657055,57.4082
155.757156,57.3752
155.857257,57.3455
155.957358,57.3389
156.057459,57.3488
156.15756,57.3785
156.257661,57.4214
156.357762,57.4742
156.457863,57.527
156.557964,57.5831
156.658065,57.626
156.758166,57.6788
156.858267,57.7085
156.958368,57.725
157.058469,57.7349
157.15857,57.7415
157.258671,57.7448
157.358772,57.7481
157.458873,57.7448
157.558974,57.7349
157.659075,57.7151
157.759176,57.6953
157.859277,57.6722
157.959378,57.6491
158.059479,57.6359
158.15958,57.6326
158.259681,57.6425
158.359782,57.6656
158.459883,57.7019
158.559984,57.7514
158.660085,57.8108
158.760186,57.9131
158.860287,57.9758
158.960388,58.0286
159.060489,58.0682
159.16059,58.088
159.260691,58.0913
159.360792,58.0748
159.460893,58.0484
159.560994,58.0154
159.661095,57.989
159.761196,57.9659
159.861297,57.9527
159.961398,57.9494
160.061499,57.9593
160.1616,57.9824
160.261701,58.0121
160.361802,58.0484
160.461903,58.088
160.562004,58.1309
160.662105,58.1738
160.762206,58.1936
160.862307,58.2233
160.962408,58.2464
161.062509,58.2629
161.16261,58.2728
161.262711,58.2728
161.362812,58.2695
161.462913,58.2662
161.563014,58.2662
161.663115,58.2728
161.763216,58.286
161.863317,58.2959
161.963418,58.3058
162.063519,58.3025
162.16362,58.2992
162.263721,58.2926
162.363822,58.286
162.463923,58.286
162.564024,58.2926
162.664125,58.3091
162.764226,58.3289
162.864327,58.3652
162.964428,58.4081
163.064529,58.4543
163.16463,58.4906
163.264731,58.517
163.364832,58.5335
163.464933,58.5368
163.565034,58.5401
163.665135,58.5368
163.765236,58.5302
163.865337,58.5236
163.965438,58.5137
164.065539,58.5038
164.16564,58.4972
164.265741,58.4873
164.365842,58.484
164.465943,58.4807
164.566044,58.484
164.666145,58.5038
164.766246,58.5302
164.866347,58.583
164.966448,58.6523
165.066549,58.7249
165.16665,58.7843
165.266751,58.8272
165.366852,58.8536
165.466953,58.8635
165.567054,58.8602
165.667155,58.847
165.767256,58.8206
165.867357,58.7909
165.967458,58.7513
166.067559,58.7117
166.16766,58.6787
166.267761,58.6556
166.367862,58.6457
166.467963,58.6523
166.568064,58.6754
166.668165,58.7051
166.768266,58.7546
166.868367,58.7909
166.968468,58.8668
167.068569,58.9394
167.16867,59.0054
167.268771,59.0648
167.368872,59.1176
167.468973,59.1209
167.569074,59.111
167.669175,59.0846
167.769276,59.0483
167.869377,59.0153
167.969478,58.9823
168.069579,58.9658
168.16968,58.9592
168.269781,58.9691
168.369882,58.9823
168.469983,59.0054
168.570084,59.0285
168.670185,59.0582
168.770286,59.0978
168.870387,59.1242
168.970488,59.144
169.070589,59.1506
169.17069,59.1539
169.270791,59.1473
169.370892,59.1341
169.470993,59.1176
169.571094,59.0978
169.671195,59.0846
169.771296,59.0747
169.871397,59.078
169.971498,59.0978
170.071599,59.1374
170.1717,59.1902
170.271801,59.2529
170.371902,59.3123
170.472003,59.3585
170.572104,59.3948
170.672205,59.4146
170.772306,59.4641
170.872407,59.4575
170.972508,59.441
171.072609,59.4245
171.17271,59.408
171.272811,59.3981
171.372912,59.3948
171.473013,59.4014
171.573114,59.4179
171.673215,59.4377
171.773316,59.4608
171.873417,59.4806
171.973518,59.4839
172.073619,59.4707
172.17372,59.441
172.273821,59.4113
172.373922,59.375
172.474023,59.3486
172.574124,59.3354
172.674225,59.3321
172.774326,59.3486
172.874427,59.375
172.974528,59.4113
173.074629,59.4542
173.17473,59.5037
173.274831,59.5499
173.374932,59.5961
173.475033,59.6324
173.575134,59.6621
173.675235,59.6852
173.775336,59.6951
173.875437,59.6984
173.975538,59.6984
174.075639,59.6984
174.17574,59.6951
174.275841,59.6885
174.375942,59.6753
174.476043,59.6621
174.576144,59.6489
174.676245,59.639
174.776346,59.639
174.876447,59.6489
174.976548,59.6687
175.076649,59.6984
175.17675,59.7413
175.276851,59.7875
175.376952,59.837
175.477053,59.8832
175.577154,59.9162
175.677255,59.936
175.777356,59.9393
175.877457,59.9162
175.977558,59.8766
176.077659,59.8205
176.17776,59.7578
176.277861,59.6951
176.377962,59.6555
176.478063,59.6324
176.578164,59.6324
176.678265,59.6489
176.778366,59.6852
176.878467,59.7281
176.978568,59.7809
177.078669,59.8403
177.17877,59.8997
177.278871,59.9591
177.378972,60.0086
177.479073,60.0482
177.579174,60.0746
177.679275,60.0878
177.779376,60.0878
177.879477,60.0713
177.979578,60.0482
178.079679,60.0185
178.17978,59.9822
178.279881,59.9492
178.379982,59.9195
178.480083,59.8997
178.580184,59.8898
178.680285,59.8898
178.780386,59.9195
178.880487,59.9492
178.980588,59.9921
179.080689,60.0449
179.18079,60.0977
179.280891,60.1472
179.380992,60.1901
179.481093,60.2264
179.581194,60.2561
179.681295,60.2792
179.781396,60.2957
179.881497,60.3023
179.981598,60.3056
180.081699,60.2957
180.1818,60.2825
180.281901,60.2561
180.382002,60.2198
180.482103,60.1769
180.582204,60.134
180.682305,60.0911
180.782406,60.0911
180.882507,60.0746
180.982608,60.0713
181.082709,60.0878
181.18281,60.1175
181.282911,60.1604
181.383012,60.2033
181.483113,60.2429
181.583214,60.266
181.683315,60.2726
181.783416,60.266
181.883517,60.2561
181.983618,60.2594
182.083719,60.2726
182.18382,60.3023
182.283921,60.3386
182.384022,60.3848
182.484123,60.4211
182.584224,60.4475
182.684325,60.464
182.784426,60.464
182.884527,60.4475
182.984628,60.4112
183.084729,60.3782
183.18483,60.3452
183.284931,60.3254
183.385032,60.3188
183.485133,60.3254
183.585234,60.3386
183.685335,60.3518
183.785436,60.3683
183.885537,60.3815
183.985638,60.3947
184.085739,60.4013
184.18584,60.4013
184.285941,60.3551
184.386042,60.2957
184.486143,60.2297
184.586244,60.1571
184.686345,60.0878
184.786446,60.1043
184.886547,60.0878
184.986648,60.0845
185.086749,60.0944
185.18685,60.1043
185.286951,60.1142
185.387052,60.1967
185.487153,60.2891
185.587254,60.3848
185.687355,60.4937
185.787456,60.6092
185.887557,60.6554
185.987658,60.6983
186.087759,60.7313
186.18786,60.7544
186.287961,60.7577
186.388062,60.7478
186.488163,60.7181
186.588264,60.6785
186.688365,60.6224
186.788466,60.5663
186.888567,60.5069
186.988668,60.4574
187.088769,60.4244
187.18887,60.4079
187.288971,60.4178
187.389072,60.4508
187.489173,60.4871
187.589274,60.5267
187.689375,60.563
187.789476,60.5861
187.889577,60.5993
187.989678,60.6026
188.089779,60.596
188.18988,60.5828
188.289981,60.563
188.390082,60.5399
188.490183,60.5234
188.590284,60.5135
188.690385,60.5102
188.790486,60.4805
188.890587,60.4937
188.990688,60.5135
189.090789,60.5465
189.19089,60.5894
189.290991,60.6422
189.391092,60.7016
189.491193,60.7544
189.591294,60.8006
189.691395,60.8336
189.791496,60.8534
189.891597,60.8468
189.991698,60.8204
190.091799,60.7742
190.1919,60.7247
190.292001,60.6719
190.392102,60.6323
190.492203,60.6158
190.592304,60.6191
190.692405,60.629
190.792506,60.6587
190.892607,60.6752
190.992708,60.6851
191.092809,60.6917
191.19291,60.6917
191.293011,60.6917
191.393112,60.6884
191.493213,60.6884
191.593314,60.6983
191.693415,60.7148
191.793516,60.7346
191.893617,60.7544
191.993718,60.7709
192.093819,60.7742
192.19392,60.7676
192.294021,60.7511
192.394122,60.7313
192.494223,60.7049
192.594324,60.6785
192.694425,60.6818
192.794526,60.6587
192.894627,60.6356
192.994728,60.6125
193.094829,60.5927
193.19493,60.5762
193.295031,60.563
193.395132,60.5531
193.495233,60.5498
193.595334,60.5564
193.695435,60.5663
193.795536,60.5861
193.895637,60.6092
193.995738,60.6422
194.095839,60.6719
194.19594,60.6983
194.296041,60.7214
194.396142,60.7346
194.496243,60.7346
194.596344,60.7247
194.696445,60.7214
194.796546,60.7148
194.896647,60.7115
194.996748,60.7148
195.096849,60.7247
195.19695,60.7412
195.297051,60.761
195.397152,60.7874
195.497253,60.8204
195.597354,60.8534
195.697455,60.8864
195.797556,60.9227
195.897657,60.9557
195.997758,60.9854
196.097859,61.0052
196.19796,61.0217
196.298061,61.025
196.398162,61.0118
196.498263,60.9821
196.598364,60.9425
196.698465,60.8567
196.798566,60.8138
196.898667,60.7775
196.998768,60.7478
197.098869,60.7214
197.19897,60.7049
197.299071,60.6917
197.399172,60.6818
197.499273,60.6851
197.599374,60.6917
197.699475,60.7016
197.799576,60.7115
197.899677,60.7247
197.999778,60.728
198.099879,60.7247
198.19998,60.7181
198.300081,60.7115
198.400182,60.7049
198.500283,60.7049
198.600384,60.7115
198.700485,60.7478
198.800586,60.7577
198.900687,60.7676
199.000788,60.7775
199.100889,60.7841
199.20099,60.7907
199.301091,60.7973
199.401192,60.8039
199.501293,60.8072
199.601394,60.8072
199.701495,60.8072
199.801596,60.8072
199.901697,60.8006
200.001798,60.7907
200.101899,60.7808
200.202,60.7709
200.302101,60.7643
200.402202,60.7643
200.502303,60.7775
200.602404,60.8006
200.702505,60.8402
200.802606,60.8666
200.902707,60.8963
201.002808,60.9161
201.102909,60.9359
201.20301,60.9392
201.303111,60.926
201.403212,60.9062
201.503313,60.8831
201.603414,60.8633
201.703515,60.8534
201.803616,60.8534
201.903717,60.86
202.003818,60.8666
202.103919,60.8732
202.20402,60.8798
202.304121,60.8765
202.404222,60.8666
202.504323,60.8501
202.604424,60.827
202.704525,60.7973
202.804626,60.7742
202.904727,60.761
203.004828,60.7544
203.104929,60.7478
203.20503,60.7346
203.305131,60.7181
203.405232,60.7016
203.505333,60.6851
203.605434,60.6818
203.705535,60.6917
203.805636,60.7181
203.905737,60.7544
204.005838,60.8039
204.105939,60.8567
204.20604,60.9095
204.306141,60.9557
204.406242,60.9887
204.506343,60.9986
204.606444,60.9887
204.706545,60.8831
204.806646,60.8006
204.906747,60.7148
205.006848,60.6389
205.106949,60.5696
205.20705,60.5696
205.307151,60.5795
205.407252,60.5993
205.507353,60.629
205.607454,60.6653
205.707555,60.7082
205.807656,60.7511
205.907757,60.7874
206.007858,60.8171
206.107959,60.8336
206.20806,60.8369
206.308161,60.8237
206.408262,60.794
206.508363,60.7544
206.608464,60.7049
206.708565,60.6422
206.808666,60.596
206.908767,60.5564
207.008868,60.53
207.108969,60.5168
207.20907,60.5201
207.309171,60.5432
207.409272,60.5795
207.509373,60.6224
207.609474,60.6653
207.709575,60.6983
207.809676,60.7181
207.909777,60.7247
208.009878,60.7148
208.109979,60.6884
208.21008,60.6488
208.310181,60.6059
208.410282,60.563
208.510383,60.5333
208.610484,60.5135
208.710585,60.5135
208.810686,60.5201
208.910787,60.5399
209.010888,60.563
209.110989,60.5927
209.21109,60.6257
209.311191,60.6587
209.411292,60.6851
209.511393,60.7082
209.611494,60.728
209.711595,60.7379
209.811696,60.7445
209.911797,60.7379
210.011898,60.7247
210.111999,60.6983
210.2121,60.6653
210.312201,60.629
210.412302,60.596
210.512403,60.5663
210.612504,60.5498
210.712605,60.5465
210.812706,60.5432
210.912807,60.5465
211.012908,60.5564
211.113009,60.5663
211.21311,60.5696
211.313211,60.5564
211.413312,60.5366
211.513413,60.5135
211.613514,60.4904
211.713615,60.4772
211.813716,60.4739
211.913817,60.4739
212.013918,60.4739
212.114019,60.4706
212.21412,60.4673
212.314221,60.4673
212.414322,60.4805
212.514423,60.5036
212.614524,60.5399
212.714625,60.563
212.814726,60.596
212.914827,60.6191
213.014928,60.6323
213.115029,60.6323
213.21513,60.6257
213.315231,60.6092
213.415332,60.5861
213.515433,60.5531
213.615534,60.5135
213.715635,60.4739
213.815736,60.4409
213.915837,60.4145
214.015938,60.4079
214.116039,60.4178
214.21614,60.4508
214.316241,60.4838
214.416342,60.5234
214.516443,60.5597
214.616544,60.5894
214.716645,60.5564
214.816746,60.5729
214.916847,60.5927
215.016948,60.6059
215.117049,60.6125
215.21715,60.6092
215.317251,60.5894
215.417352,60.5597
215.517453,60.53
215.617554,60.5003
215.717655,60.4805
215.817756,60.4706
215.917857,60.4739
216.017958,60.4871
216.118059,60.5102
216.21816,60.5366
216.318261,60.5597
216.418362,60.5795
216.518463,60.5861
216.618564,60.5795
216.718665,60.5696
216.818766,60.5465
216.918867,60.5168
217.018968,60.4871
217.119069,60.4607
217.21917,60.4409
217.319271,60.4244
217.419372,60.4178
217.519473,60.4112
217.619574,60.4046
217.719675,60.398
217.819776,60.3881
217.919877,60.3815
218.019978,60.3749
218.120079,60.3683
218.22018,60.3617
218.320281,60.3518
218.420382,60.332
218.520483,60.3056
218.620584,60.2792
218.720685,60.233
218.820786,60.2165
218.920887,60.2132
219.020988,60.2231
219.121089,60.2363
219.22119,60.2594
219.321291,60.2858
219.421392,60.3155
219.521493,60.3485
219.621594,60.3815
219.721695,60.4046
219.821796,60.4244
219.921897,60.431
220.021998,60.4145
220.122099,60.3749
220.2222,60.3188
220.322301,60.2561
220.422402,60.1934
220.522503,60.1472
220.622604,60.1175
220.722705,60.1109
220.822806,60.1043
220.922907,60.101
221.023008,60.1076
221.123109,60.1274
221.22321,60.1538
221.323311,60.1868
221.423412,60.2165
221.523513,60.2462
221.623614,60.2627
221.723715,60.266
221.823816,60.2528
221.923917,60.2264
222.024018,60.1868
222.124119,60.1439
222.22422,60.1043
222.324321,60.0713
222.424422,60.0581
222.524523,60.0647
222.624624,60.0911
222.724725,60.0977
222.824826,60.1274
222.924927,60.1571
223.025028,60.1769
223.125129,60.1901
223.22523,60.1934
223.325331,60.1934
223.425432,60.1835
223.525533,60.1703
223.625634,60.1538
223.725735,60.1406
223.825836,60.1274
223.925937,60.1175
224.026038,60.1043
224.126139,60.0944
224.22624,60.0845
224.326341,60.0779
224.426442,60.0713
224.526543,60.0647
224.626644,60.0581
224.726745,60.0218
224.826846,59.9987
224.926947,59.9723
225.027048,59.9426
225.127149,59.9129
225.22725,59.8832
225.327351,59.8601
225.427452,59.8403
225.527553,59.8304
225.627654,59.8337
225.727755,59.8436
225.827856,59.8667
225.927957,59.8997
226.028058,59.9327
226.128159,59.9591
226.22826,60.0284
226.328361,60.0911
226.428462,60.1472
226.528563,60.1901
226.628664,60.2297
226.728765,60.1241
226.828866,60.0515
226.928967,59.9756
227.029068,59.8997
227.129169,59.8337
227.22927,59.8139
227.329371,59.8073
227.429472,59.8073
227.529573,59.8172
227.629674,59.8337
227.729775,59.8502
227.829876,59.8667
227.929977,59.8799
228.030078,59.8865
228.130179,59.8832
228.23028,59.8733
228.330381,59.8535
228.430482,59.8271
228.530583,59.7941
228.630684,59.7578
228.730785,59.7215
228.830886,59.7017
228.930987,59.6852
229.031088,59.6786
229.131189,59.6786
229.23129,59.6819
229.331391,59.6885
229.431492,59.6984
229.531593,59.7149
229.631694,59.7347
229.731795,59.7545
229.831896,59.7743
229.931997,59.7875
230.032098,59.7941
230.132199,59.7875
230.2323,59.771
230.332401,59.7446
230.432502,59.705
230.532603,59.6588
230.632704,59.6093
230.732805,59.5631
230.832906,59.5301
230.933007,59.5103
231.033108,59.5037
231.133209,59.5103
231.23331,59.5202
231.333411,59.5301
231.433512,59.5433
231.533613,59.5565
231.633714,59.5763
231.733815,59.5961
231.833916,59.6159
231.934017,59.6324
232.034118,59.6456
232.134219,59.6555
232.23432,59.6588
232.334421,59.6522
232.434522,59.6423
232.534623,59.6258
232.634724,59.606
232.734825,59.573
232.834926,59.5367
232.935027,59.4971
233.035128,59.4608
233.135229,59.4245
233.23533,59.3981
233.335431,59.3783
233.435532,59.3651
233.535633,59.3585
233.635734,59.3585
233.735835,59.3585
233.835936,59.3618
233.936037,59.3651
234.036138,59.375
234.136239,59.3882
234.23634,59.408
234.336441,59.4311
234.436542,59.4575
234.536643,59.4806
234.636744,59.5004
234.736845,59.5103
234.836946,59.4971
234.937047,59.4674
235.037148,59.4212
235.137249,59.3321
235.23735,59.2397
235.337451,59.1539
235.437552,59.0813
235.537653,59.0219
235.637754,59.0087
235.737855,59.0087
235.837956,59.0252
235.938057,59.0549
236.038158,59.0978
236.138259,59.1506
236.23836,59.21
236.338461,59.2628
236.438562,59.2991
236.538663,59.3222
236.638764,59.276
236.738865,59.2298
236.838966,59.177
236.939067,59.1209
237.039168,59.0648
237.139269,59.012
237.23937,58.9955
237.339471,58.9856
237.439572,58.9889
237.539673,58.9955
237.639774,59.012
237.739875,59.0318
237.839976,59.0483
237.940077,59.0648
238.040178,59.0681
238.140279,59.0615
238.24038,59.0417
238.340481,59.012
238.440582,58.9724
238.540683,58.9229
238.640784,58.8833
238.740885,58.847
238.840986,58.8206
238.941087,58.8008
239.041188,58.7942
239.141289,58.7942
239.24139,58.7975
239.341491,58.8008
239.441592,58.8041
239.541693,58.8041
239.641794,58.8074
239.741895,58.8074
239.841996,58.8041
239.942097,58.8008
240.042198,58.7975
240.142299,58.7876
240.2424,58.7744
240.342501,58.7612
240.442602,58.7447
240.542703,58.7315
240.642804,58.7348
240.742905,58.7183
240.843006,58.7084
240.943107,58.7018
241.043208,58.6952
241.143309,58.6886
241.24341,58.6853
241.343511,58.6754
241.443612,58.6688
241.543713,58.649
241.643814,58.6193
241.743915,58.5863
241.844016,58.5533
241.944117,58.5236
242.044218,58.5038
242.144319,58.4939
242.24442,58.4939
242.344521,58.4972
242.444622,58.5005
242.544723,58.5005
242.644824,58.4906
242.744925,58.4906
242.845026,58.4906
242.945127,58.4939
243.045228,58.5005
243.145329,58.5038
243.24543,58.5005
243.345531,58.4906
243.445632,58.4708
243.545733,58.451
243.645834,58.4312
243.745935,58.418
243.846036,58.4114
243.946137,58.418
244.046238,58.4378
244.146339,58.4675
244.24644,58.5005
244.346541,58.5302
244.446642,58.5434
244.546743,58.5302
244.646844,58.4906
244.746945,58.4444
244.847046,58.385
244.947147,58.3256
245.047248,58.2662
245.147349,58.2167
245.24745,58.1738
245.347551,58.1375
245.447652,58.1111
245.547753,58.0979
245.647854,58.0847
245.747955,58.0814
245.848056,58.0814
245.948157,58.088
246.048258,58.1045
246.148359,58.121
246.24846,58.1375
246.348561,58.1375
246.448662,58.1177
246.548763,58.0781
246.648864,58.0055
246.748965,57.9593
246.849066,57.9329
246.949167,57.9131
247.049268,57.9065
247.149369,57.9131
247.24947,57.9329
247.349571,57.9626
247.449672,57.9989
247.549773,58.0352
247.649874,58.0649
247.749975,58.088
247.850076,58.0979
247.950177,58.0913
248.050278,58.0715
248.150379,58.0385
248.25048,57.9956
248.350581,57.9428
248.450682,57.89
248.550783,57.8438
248.650884,57.824
248.750985,57.8009
248.851086,57.7877
248.951187,57.7877
249.051288,57.7976
249.151389,57.8108
249.25149,57.8273
249.351591,57.8438
249.451692,57.8537
249.551793,57.7217
249.651894,57.5864
249.751995,57.4445
249.852096,57.3059
249.952197,56.8835
250.052298,56.5997
250.152399,56.3159
250.2525,56.0321
250.352601,55.5173
250.452702,55.2896
250.552803,55.0619
250.652904,54.7847
250.753005,54.5504
250.853106,54.5471
250.953207,54.5405
251.053308,54.5372
251.153409,54.5405
251.25351,54.5504
251.353611,54.5735
251.453712,54.6032
251.553813,54.6329
251.653914,54.6593
251.754015,54.6791
251.854116,54.6923
251.954217,54.7121
252.054318,54.7451
252.154419,54.788
252.25452,54.8408
252.354621,54.9068
252.454722,54.9728
252.554823,55.0454
252.654924,55.1312
252.755025,55.1939
252.855126,55.2401
252.955227,55.2731
253.055328,55.3688
253.155429,55.4513
253.25553,55.5305
253.355631,55.6031
253.455732,55.6592
253.555833,55.6394
253.655934,55.6163
253.756035,55.5932
253.856136,55.6889
253.956237,55.811
254.056338,55.943
254.156439,56.0882
254.25654,56.2631
254.356641,56.3324
254.456742,56.3918
254.556843,56.438
254.656944,56.5073
254.757045,56.5139
254.857146,56.5304
254.957247,56.5469
255.057348,56.5733
255.157449,56.5997
255.25755,56.6261
255.357651,56.6525
255.457752,56.6723
255.557853,56.6855
255.657954,56.6954
255.758055,56.6921
255.858156,56.6855
255.958257,56.6789
256.058358,56.6723
256.158459,56.6657
256.25856,56.6624
256.358661,56.6492
256.458762,56.6195
256.558863,56.5733
256.658964,56.5205
256.759065,56.471
256.859166,56.4347
256.959267,56.4149
257.059368,56.4149
257.159469,56.4215
257.25957,56.4281
257.359671,56.4314
257.459772,56.4347
257.559873,56.4314
257.659974,56.4248
257.760075,56.4149
257.860176,56.405
257.960277,56.3918
258.060378,56.3786
258.160479,56.3654
258.26058,56.3489
258.360681,56.3324
258.460782,56.3225
258.560883,56.3159
258.660984,56.3324
258.761085,56.3324
258.861186,56.3324
258.961287,56.3291
259.061388,56.3291
259.161489,56.3159
259.26159,56.2928
259.361691,56.2565
259.461792,56.2103
259.561893,56.1509
259.661994,56.0915
259.762095,56.0288
259.862196,55.976
259.962297,55.9364
260.062398,55.9067
260.162499,55.8935
260.2626,55.9001
260.362701,55.9265
260.462802,55.9628
260.562903,56.0123
260.663004,56.0816
260.763105,56.1212
260.863206,56.1377
260.963307,56.1245
261.063408,56.0849
261.163509,55.9727
261.26361,55.8605
261.363711,55.7582
261.463812,55.6658
261.563913,55.5932
261.664014,55.5998
261.764115,55.6097
261.864216,55.6262
261.964317,55.6493
262.064418,55.6724
262.164519,55.6889
262.26462,55.7021
262.364721,55.7054
262.464822,55.6889
262.564923,55.6559
262.665024,55.6196
262.765125,55.5701
262.865226,55.514
262.965327,55.4579
263.065428,55.4183
263.165529,55.3886
263.26563,55.3754
263.365731,55.3853
263.465832,55.4051
263.565933,55.4282
263.666034,55.448
263.766135,55.4546
263.866236,55.4447
263.966337,55.4183
264.066438,55.3787
264.166539,55.3259
264.26664,55.2698
264.366741,55.2071
264.466842,55.1543
264.566943,55.1081
264.667044,55.0619
264.767145,55.0421
264.867246,55.0289
264.967347,55.0223
265.067448,55.0223
265.167549,55.0223
265.26765,55.0223
265.367751,55.0157
265.467852,55.0124
265.567953,55.0058
265.668054,54.9992
265.768155,54.9959
265.868256,54.9926
265.968357,54.9893
266.068458,54.9761
266.168559,54.953
266.26866,54.9233
266.368761,54.887
266.468862,54.854
266.568963,54.8243
266.669064,54.7979
266.769165,54.7913
266.869266,54.7946
266.969367,54.8012
267.069468,54.8078
267.169569,54.8177
267.26967,54.8144
267.369771,54.788
267.469872,54.7484
267.569973,54.6263
267.670074,54.5009
267.770175,54.392
267.870276,54.293
267.970377,54.2105
268.070478,54.2138
268.170579,54.2171
268.27068,54.227
268.370781,54.2435
268.470882,54.2633
268.570983,54.293
268.671084,54.3425
268.771185,54.3788
268.871286,54.4052
268.971387,54.4184
269.071488,54.4217
269.171589,54.4052
269.27169,54.3755
269.371791,54.3326
269.471892,54.2732
269.571993,54.2138
269.672094,54.1676
269.772195,54.1346
269.872296,54.1148
269.972397,54.1115
270.072498,54.1082
270.172599,54.1049
270.2727,54.1016
270.372801,54.0752
270.472902,54.0323
270.573003,53.9795
270.673104,53.963
270.773205,53.9003
270.873306,53.8508
270.973407,53.8178
271.073508,53.8013
271.173609,53.798
271.27371,53.7947
271.373811,53.7914
271.473912,53.7914
271.574013,53.7848
271.674114,53.7749
271.774215,53.7617
271.874316,53.7485
271.974417,53.7155
272.074518,53.6759
272.174619,53.6264
272.27472,53.5637
272.374821,53.4944
272.474922,53.4284
272.575023,53.3624
272.675124,53.3327
272.775225,53.303
272.875326,53.2832
272.975427,53.2766
273.075528,53.2832
273.175629,53.2964
273.27573,53.3129
273.375831,53.3294
273.475932,53.3426
273.576033,53.3393
273.676134,53.3195
273.776235,53.2832
273.876336,53.2271
273.976437,53.1677
274.076538,53.1083
274.176639,53.0588
274.27674,53.0258
274.376841,53.006
274.476942,52.9928
274.577043,52.9895
274.677144,52.9895
274.777245,52.9895
274.877346,52.9895
274.977447,52.9895
275.077548,52.9862
275.177649,52.9697
275.27775,52.9433
275.377851,52.907
275.477952,52.8575
275.578053,52.8113
275.678154,52.775
275.778255,52.7486
275.878356,52.7321
275.978457,52.7288
276.078558,52.7288
276.178659,52.7288
276.27876,52.7288
276.378861,52.7288
276.478962,52.7222
276.579063,52.7123
276.679164,52.742
276.779265,52.7222
276.879366,52.6958
276.979467,52.6595
277.079568,52.6199
277.179669,52.577
277.27977,52.5374
277.379871,52.5077
277.479972,52.4813
277.580073,52.4549
277.680174,52.4219
277.780275,52.3823
277.880376,52.3361
277.980477,52.2866
278.080578,52.2371
278.180679,52.1942
278.28078,52.1546
278.380881,52.1051
278.480982,52.0523
278.581083,51.9929
278.681184,51.9401
278.781285,51.9005
278.881386,51.8807
278.981487,51.8873
279.081588,51.917
279.181689,51.9467
279.28179,51.9797
279.381891,52.0061
279.481992,52.0226
279.582093,52.0292
279.682194,52.0325
279.782295,52.0292
279.882396,52.0226
279.982497,51.9962
280.082598,51.9599
280.182699,51.9071
280.2828,51.8411
280.382901,51.7652
280.483002,51.6893
280.583103,51.6035
280.683204,51.5474
280.783305,51.5078
280.883406,51.488
280.983507,51.4913
281.083608,51.5144
281.183709,51.5441
281.28381,51.5771
281.383911,51.6035
281.484012,51.6233
281.584113,51.5507
281.684214,51.4715
281.784315,51.3923
281.884416,51.3098
281.984517,51.2273
282.084618,51.2273
282.184719,51.2207
282.28482,51.2174
282.384921,51.2108
282.485022,51.2009
282.585123,51.1943
282.685224,51.191
282.785325,51.1844
282.885426,51.1745
282.985527,51.1613
283.085628,51.1481
283.185729,51.1283
283.28583,51.1052
283.385931,51.0821
283.486032,51.059
283.586133,51.0326
283.686234,51.0095
283.786335,50.9831
283.886436,50.9567
283.986537,50.927
284.086638,50.8907
284.186739,50.8478
284.28684,50.8049
284.386941,50.7488
284.487042,50.6927
284.587143,50.6267
284.687244,50.5772
284.787345,50.5376
284.887446,50.5145
284.987547,50.5112
285.087648,50.5277
285.187749,50.5508
285.28785,50.5772
285.387951,50.6036
285.488052,50.6234
285.588153,50.6399
285.688254,50.6432
285.788355,50.6333
285.888456,50.6135
285.988557,50.4914
286.088658,50.3693
286.188759,50.2505
286.28886,50.1416
286.388961,50.036
286.489062,50.036
286.589163,50.0195
286.689264,50.0195
286.789365,50.0261
286.889466,50.0459
286.989567,50.0756
287.089668,50.1086
287.189769,50.1383
287.28987,50.1614
287.389971,50.1713
287.490072,50.1647
287.590173,50.0987
287.690274,50.0228
287.790375,49.9436
287.890476,49.8611
287.990577,49.7687
288.090678,49.7225
288.190779,49.6763
288.29088,49.6334
288.390981,49.5971
288.491082,49.5773
288.591183,49.5608
288.691284,49.574
288.791385,49.5872
288.891486,49.5971
288.991587,49.6004
289.091688,49.5938
289.191789,49.5773
289.29189,49.5476
289.391991,49.5113
289.492092,49.4651
289.592193,49.4156
289.692294,49.3628
289.792395,49.3133
289.892496,49.2671
289.992597,49.2308
290.092698,49.2044
290.192799,49.1846
290.2929,49.1747
290.393001,49.1714
290.493102,49.1582
290.593203,49.1417
290.693304,49.1252
290.793405,49.1054
290.893506,49.0922
290.993607,49.0823
291.093708,49.079
291.193809,49.0724
291.29391,49.0559
291.394011,49.0328
291.494112,48.9998
291.594213,48.9569
291.694314,48.9041
291.794415,48.848
291.894516,48.7886
291.994617,48.7292
292.094718,48.6731
292.194819,48.617
292.29492,48.5675
292.395021,48.5312
292.495122,48.5015
292.595223,48.4784
292.695324,48.4718
292.795425,48.4751
292.895526,48.4817
292.995627,48.4916
293.095728,48.4949
293.195829,48.4949
293.29593,48.4784
293.396031,48.4487
293.496132,48.4058
293.596233,48.3464
293.696334,48.2771
293.796435,48.2012
293.896536,48.1253
293.996637,48.056
294.096738,48.0032
294.196839,47.9669
294.29694,47.9504
294.397041,47.9504
294.497142,47.9537
294.597243,47.9669
294.697344,47.9801
294.797445,47.9933
294.897546,48.0065
294.997647,48.0164
295.097748,48.0197
295.197849,47.9042
295.29795,47.7887
295.398051,47.6732
295.498152,47.5577
295.598253,47.429
295.698354,47.396
295.798455,47.3498
295.898556,47.3036
295.998657,47.2574
296.098758,47.2277
296.198859,47.2211
296.29896,47.2409
296.399061,47.2673
296.499162,47.3003
296.599263,47.3366
296.699364,47.3663
296.799465,47.3861
296.899566,47.3993
296.999667,47.3993
297.099768,47.3927
297.199869,47.3861
297.29997,47.3861
297.400071,47.3927
297.500172,47.4092
297.600273,47.4323
297.700374,47.4554
297.800475,47.4752
297.900576,47.4917
298.000677,47.5016
298.100778,47.5016
298.200879,47.4917
298.30098,47.4785
298.401081,47.4653
298.501182,47.462
298.601283,47.4422
298.701384,47.4653
298.801485,47.4917
298.901586,47.5214
299.001687,47.5478
299.101788,47.5709
299.201889,47.5874
299.30199,47.6006
299.402091,47.6105
299.502192,47.6171
299.602293,47.6072
299.702394,47.5742
299.802495,47.5247
299.902596,47.4587
300.002697,47.3828
300.102798,47.3135
300.202899,47.2541
300.303,47.2013
300.403101,47.1617
300.503202,47.1221
300.603303,47.0627
300.703404,47.0297
300.803505,47.0066
300.903606,46.9868
301.003707,46.9769
301.103808,46.9703
301.203909,46.9373
301.30401,46.8878
301.404111,46.8284
301.504212,46.7558
301.604313,46.4423
301.704414,46.1618
301.804515,45.8978
301.904616,45.6437
302.004717,45.3071
302.104818,45.2114
302.204919,45.1124
302.30502,45.0167
302.405121,44.9144
302.505222,44.9012
302.605323,44.921
302.705424,44.9177
302.805525,44.9243
302.905626,44.9507
303.005727,44.9771
303.105828,45.0101
303.205929,44.7197
303.30603,44.426
303.406131,44.1158
303.506232,43.8056
303.606333,43.1786
303.706434,42.8552
303.806535,42.5318
303.906636,42.2084
304.006737,41.885
304.106838,41.8784
304.206939,41.8784
304.30704,41.8784
304.407141,41.8784
304.507242,41.8784
